{"cameraMode":{"drawMode":0,"name":"Shaded","section":"Shading Mode"},"sceneLighting":true,"audioPlay":false,"sceneViewState":{"showFog":true,"showMaterialUpdate":false,"showSkybox":true,"showFlares":true,"showImageEffects":true,"showParticleSystems":true},"in2DMode":false,"pivot":{"x":-3.916008472442627,"y":9.452939987182618,"z":-4.188455104827881},"rotation":{"x":-0.5182706713676453,"y":-0.0031309195328503849,"z":0.0018988193478435279,"w":-0.8552498817443848},"size":10.0,"orthographic":false}